,0,1,y
0,1.0874802477584746,0.9174556522462867,-0.19106979169672478
1,1.0375337456359717,-1.276437515873605,-0.891537734587587
2,-1.9715315368448447,-0.1836229346489013,-2.0294389067092666
3,0.6353975722394,-0.39007603345911285,-0.5654928203892432
4,-0.692453665799574,-0.5587035336608955,-1.5682696043137743
5,-0.6706871186691761,-1.0478831153270436,-1.2036111561171552
6,-2.2541712556735076,0.0695289569377493,-2.3717385887636784
7,1.485201006930109,-2.0340675654236455,-1.111021104691095
8,1.4566564229024344,2.4532816902008996,0.4621481197723527
9,-0.5907195099152934,-0.1646162894170215,-0.8803303705753807
10,-0.3510352624821685,0.9105956372696956,-0.7543124167099503
11,-0.48957014484614453,-0.061490363776073566,-1.1027776455879132
12,1.831219552450524,1.012096911098105,0.41381915608402586
13,1.233160755618511,-0.2596488604441517,-0.8891328131206069
14,-0.5203638599586108,1.1101737971662526,-1.0360658095572992
15,0.1146780860566796,0.8917760669412383,-0.07635454197548974
16,-1.1143436489724554,-0.7003609357461836,-1.874281875202974
17,1.6278913038537182,-0.39337867356013284,-0.2879232244837425
18,0.1534620191208602,-1.652703487675954,-1.5704849545343635
19,0.8432792606654612,0.0504174894410846,-0.10092785314524289
20,1.7037226329752253,0.15873205929418013,-0.16981656033442283
21,-0.23910906259432788,-0.3087973393240469,-0.9192329052541792
22,-0.2531265407289522,-1.2493516940547413,-1.4235828222802485
23,0.8278996191897325,1.1759545531849938,0.05631403586664807
24,0.19305650414015763,-0.8165111216108082,-0.7654223332050194
25,0.6922613076947163,-0.557217064063823,-0.9244826967260226
26,1.5374699246280736,-0.6805454959842817,-0.4745798695369903
27,-1.4706155062456978,0.9629953021411427,-1.3407625974524642
28,0.5760010549003804,-1.014700316869509,-1.0466288050215624
29,-0.07758555811989858,-0.001962519552299959,-0.9702336058280344
30,1.4455619393704822,0.8277235406438874,-0.10002941805872645
31,1.355490286763802,-0.8089879024421323,-0.48810519348172865
32,0.06983550344853288,-0.6613953366804707,-1.2615786733780163
33,0.23326812436302574,-0.2597991761357488,-0.8619197994526546
34,2.2696342963191434,1.0787278501140942,0.6097134802956354
35,0.19838713692336574,0.29568354112407713,-0.8289117719850201
36,-0.5779734453000357,-1.20895861506375,-1.9759108823965987
37,0.6757247600141034,1.1126107557418996,-0.2195744486048523
38,0.2891189598256097,0.0041131103594891525,-0.6529958575669936
39,-0.8718652739338487,2.006706800134598,-0.7476376940575831
40,-0.3514077232019047,-0.8003162551137002,-1.4281378560882634
41,-0.17442920283920393,0.7431147025732423,-1.2893158720193199
42,1.0870887432951912,-1.2875678787152232,-0.6708066067766982
43,1.356862099206691,1.8879170673753178,0.011587507342220249
44,-1.2657472593296295,0.47052412371355845,-1.6355703696775543
45,-1.086490151145387,1.4429238276271166,-0.8017815960455708
46,-0.009033322378843814,-0.05776312355052361,-1.0340332196672475
47,-2.222876784672973,0.20846651224543428,-2.2925542134382813
48,0.5468770283721325,-1.0467558174458844,-0.7577876438610867
49,0.3569352768022179,-0.39614584419465804,-0.9869527066019628
50,-1.2101688002833482,-0.8385592922655519,-1.4365882175096896
51,0.33138345710078787,0.3971390194377759,-1.0275279079214945
52,-0.5128513664836645,-1.190581110279605,-1.6194101775873182
53,-0.2726458858373061,0.7848041374905377,-0.5629284564189931
54,-0.9438925209403315,1.4019074587062046,-1.3574853303451722
55,1.0293195565098463,-1.3233479843154365,-1.1014942533984904
56,-0.1452762395928005,1.7188563620428197,-0.6232234077464616
57,0.7368089813517419,-2.1052014130425207,-1.3356859229896751
58,0.9272616249001497,0.42943282400654526,-0.029933749470368975
59,-1.3800680146209303,0.4065678823602595,-1.1463079926833633
60,0.23420116053207612,0.10829825053442159,-0.9434675228366818
61,-1.184879149133293,-1.8498755918336474,-2.097013802671981
62,0.38203013383024625,-1.181323040580535,-1.305043904793741
63,0.738132420674074,0.2041026321445498,-0.7106729401337988
64,0.9205389324850282,1.3188956024270322,0.20892381327464582
65,0.5428079179400792,-0.33439786040342695,-0.8749787838113597
66,1.049177954747837,0.5773798628056852,-0.6231978723449242
67,0.10491604845132564,0.13617500372479066,-1.2124002534335938
68,-0.6606269767224601,-0.07694841290330147,-1.9802619256222707
69,-0.47614108829120433,-1.6376217354481002,-2.2185567750466357
70,-2.5004989205010775,-1.0828292275918225,-2.7219748898910465
71,-1.342973578821421,-0.2957312956089759,-1.7504678049630376
72,-0.94794093683262,-0.5943308875897395,-1.3226470562886208
73,-0.17976163764605835,-0.10341326110728838,-1.1550851727988596
74,1.344474054534661,1.137325822827621,0.5621693644317984
75,0.5607478204548891,0.2927361242299228,-0.5580612991799238
76,1.3688649503082617,0.6941815583490275,-0.18184343850109197
77,0.7232114352545637,1.2671110189129278,-0.29630566485398
78,-1.768828982636077,0.4929183388126295,-1.6112723414124592
79,0.40443703088319743,0.009316960582955442,-0.6087584004460137
80,0.09044488866523992,-0.07926228900900417,-1.131583318701055
81,-1.1293799628614745,-0.899261622577738,-2.0934292331438806
82,1.2542157286638251,-0.6550153136698487,-0.7173200071194084
83,-1.7064377744216197,-1.4778491835837075,-2.602704879609229
84,-0.04153022558087561,0.8327011277908983,-0.47994550485125087
85,0.12531884506756769,-0.30006433443467795,-0.9907473933224493
86,0.7271123924719154,-1.6864954702792847,-0.4877438228167955
87,-0.2535071036861375,-1.3418318920111094,-1.7312693902926266
88,0.010619918085118845,-1.4740274294146563,-1.4482525771846122
89,1.4168628942372952,1.1708883160138392,0.039018022510817874
90,0.5210055574657847,2.2149476244201463,0.05618716512048305
91,-0.5415724006531132,1.3795714414604487,-0.7455600000824127
92,-0.25317929367069836,1.478627577302742,-0.6648279164444699
93,1.6181486599847652,-0.20838941695649862,0.07517581721994904
94,-0.7539414024085292,0.1355781318432763,-1.1755007759723053
95,-0.13056301931739298,1.6611354591611176,-0.4377861377046358
96,1.5545933715641371,0.3675477748211015,0.20098705857172616
97,0.6552155534155683,1.519250235301979,0.1863569906267859
98,0.3977162782767157,-0.010692945348179455,-0.7138408883920241
99,-0.29940893515810535,0.9763614454524467,-0.8752085475298365
100,-0.08158981649205568,1.3342844238805482,-0.06373444483297863
101,-1.0013284622431045,0.618176636663867,-1.3717715714254954
102,-0.8931474777474636,0.671848792762143,-1.484097919144077
103,0.009874620126896556,-0.09175111279543671,-1.1379649942750567
104,-0.5562860374407654,-1.1614063399376144,-1.6519122321063562
105,-0.7590609794791026,0.18712245672026698,-1.2467613618997553
106,-0.5329540866154413,1.24665574861531,-0.7843956712752804
107,-1.8839582423673205,1.672933124441088,-1.418475723938742
108,-1.4872846204614618,-0.24220231752197063,-1.6418507617166107
109,-0.0322710860175932,0.11160697385880841,-0.7511437562641771
110,-2.2353562493823644,-0.9332749495132713,-2.342253315219631
111,-1.3019849853174827,-1.1237136604731979,-1.6187551655296017
112,-0.2693257316945509,-0.1779584137608018,-1.1430118785958778
113,-0.14052903047591583,-0.2443729302529553,-0.3659591650203753
114,0.4654571676702594,-1.328950837965993,-1.2460045216205045
115,-0.2745430911046205,-0.21534424875473804,-0.8450115479114605
116,0.05256762707997835,0.14945611930102173,-0.7993611705698972
117,-0.7476292917196676,-1.0965190668987899,-1.6154553637921205
118,0.2549368759258217,0.9006355662802509,-0.8635951318484623
119,1.4745221604635241,-0.2616378770419795,-0.1655922430324266
120,-0.21554205848926006,-0.5211392745373631,-1.1842729847478162
121,0.7436757332710128,0.6441276134527495,-0.6024109342143096
122,-0.5081349354000481,1.4077684112955373,-0.6912389178218106
123,1.2959496609456669,0.8461031257149211,0.10136403849683329
124,-2.0452769562596202,0.47674069690951404,-2.2284715982438383
125,2.2800067660039094,0.6380464441636932,0.14922938929645113
126,-0.03042751897324569,0.3235071167715763,-0.8146147470673712
127,-1.0153124638534987,0.004368189423459857,-1.4550030080077925
128,0.23913688605709235,1.0658367796920156,-0.549410310242668
129,2.0009822587072197,0.1440359552076913,-0.09862819617489915
130,1.2339628311561943,1.7058008962973374,0.4035544450115729
131,1.1817773877646778,-0.7002497335145907,-1.0461346981148707
132,0.7334115400209837,-1.8542686774457582,-1.2591934499327038
133,0.2208639979288769,0.11736723477082231,-1.3508180792320865
134,0.6229601200760284,0.5342881226537378,-0.7166376778124824
135,-2.1716284401099895,-1.0512632534939537,-2.6853619897673022
136,-1.913326707267619,0.22650465060278438,-1.8754899543277235
137,1.848450354259681,-0.8127532210972167,-0.21814719610510003
138,-0.5993916227823319,0.8955521840816013,-0.7341363190869667
139,0.16811641080024545,-1.0117068708071335,-1.4709693697170694
140,1.2021776639335033,-0.4873063770643603,-0.8819104610046712
141,-2.3366566237382513,0.34072941474409735,-2.0141353852347903
142,0.107568891831644,1.5516921921798195,0.17475806623039558
143,0.7112721259648311,-1.8943928442195779,-1.5351717317755909
144,-0.07326977201645808,-0.9456534411011474,-1.2718451894308767
145,0.7249182137972028,-0.40929834971101586,-0.5560814192922421
146,-0.27366901378942127,0.18227531975828026,-0.7932543593070449
147,1.8926219463932819,-0.1792214453108861,-0.17085459873616615
148,0.6534107357585413,-1.2746116337563063,-1.2326330690211114
149,0.7211707167828287,-0.5449374215707018,-0.7567245867065937
150,-1.5735875393784975,-0.765541445836372,-2.1151477701923675
151,0.22374685874820444,1.1405882775682197,-0.3386318540826547
152,-1.2264140609352578,-0.19460190265576346,-1.852482382369174
153,-1.1145613171167867,-1.6218566210517238,-1.8305078709611002
154,1.087638045963215,0.685146102480196,0.05954557783675907
155,0.016860279366387208,-0.1634851124247314,-1.0033434519695734
156,0.13217701883918498,-1.1945965043590674,-1.6453674575774577
157,1.3982842527507753,0.7828848907811977,-0.15210149990093447
158,0.1786881071888506,-0.904676570696153,-0.8528901162751299
159,0.1251259392464413,2.0861162376939695,-0.29353850965925876
160,0.32937508083433925,0.2846639810319392,-0.606544670613658
161,0.6695093083615327,0.43884057494091744,-0.6337776260680259
162,-0.5403014768338215,-0.4746354889550291,-1.160972655606845
163,0.5117813620328835,0.2855564581441708,-0.39410029205526853
164,0.7094848974988724,-0.16498228295270653,-0.861084470734925
165,0.4543255470662093,1.6527477026278004,-0.3918211706410092
166,0.13412349080971805,-0.023906518281177968,-0.8802826131927486
167,-0.941009291117567,-0.3046691034463983,-1.8731330291216433
168,-0.34061383171481796,0.7792144459099039,-0.7848644192190382
169,-0.43928185671343944,0.5091471297847511,-0.7878699649988552
170,0.2627277616930797,-1.3539963904641554,-1.0371999230802278
171,-0.5296728014195012,0.21939186728827556,-1.044342691399672
172,-0.7727263576539181,-0.240448989962498,-1.8305788372912803
173,0.6099905143097296,-1.0190450591641724,-1.3493369891969313
174,-0.08065929658739816,0.43376282870527055,-1.1841223415632127
175,-1.910891154791565,-0.4798132731545665,-1.9044584730922944
176,-0.5036666837592447,-0.5800536194571244,-1.6368423116530137
177,1.559110940897795,0.19172056526921014,-0.368553580914154
178,0.011359190713153913,-1.0065392701652964,-1.516847906162397
179,-0.17823667609231622,-0.929467601308311,-1.2787518576710313
180,-0.335943635673614,-0.6654800558085852,-1.4219072501867003
181,-0.8271702116626257,-0.2236816309899006,-1.1625185133399518
182,-1.3367240319313218,-1.1004239857798888,-2.2615217894271558
183,-0.5980607283332953,1.0296304386086792,-1.1893525918637524
184,-0.3561094722251824,-0.23387393236827708,-1.0106430847735883
185,-0.10066856887277759,-1.0271043716021477,-1.3800485574250192
186,0.7025088154280474,-1.622307548771638,-1.7740428377090167
187,0.08050073462951875,-1.7234060463512713,-1.5056701496301637
188,-1.3216930856716333,-0.7938634812623699,-1.8071722922975202
189,-0.6287138135103258,0.9472809621459025,-1.096245719286199
190,0.38669792694347566,-1.0990713053336516,-1.1145778283751429
191,-0.2696017163777463,1.601529126595758,-0.7197256692870573
192,0.3962676885244375,0.5201165073855623,-0.46023336778058554
193,2.2876513960082994,-1.3752468858541484,-0.5491046510370159
194,-0.9533348706673748,0.6238449072743286,-1.4021733640464498
195,2.8683916358307906,-1.1529501714491939,-0.017677852899106172
196,0.3645492621184731,0.32452860068924877,-0.6014629092231181
197,-1.6488177041478673,0.5472574935161056,-1.3088608436498221
198,0.9227237637067328,-0.014947794726243128,-0.8499756967925497
199,-0.010193264997433287,-0.39947266163906914,-1.1651715387401378
200,1.1041022660229933,-1.2016068157490123,-0.9999914718238775
201,0.575658605483542,0.26794755336310316,-0.6547640365051842
202,0.892470714272885,0.26799543991539476,-0.14809859793630675
203,-0.20718809568922048,0.6885986942172926,-1.1298840694774985
204,-1.8542970168631379,0.7418642315107313,-1.431376367891513
205,-1.4196283459135226,-0.2378931499809871,-1.6762608685775424
206,-1.2958567555701817,-0.22543758139536801,-1.5594322897893522
207,0.27524890986021733,-1.1099706525092226,-0.7074185060442203
208,-0.28464230216832154,-0.8752779585496142,-1.0157571797034035
209,1.423415629763701,0.8165079015157913,0.011764485299795124
210,-0.4744873754791787,1.329707705424936,-0.6641455844164699
211,-0.7284258250405313,-0.3402065311297519,-1.3629575726219585
212,0.18786592556542567,0.8819541714728083,-0.3589776867780803
213,-1.2924724842466728,0.41833265038114786,-2.0854783384177775
214,-0.01407011021421519,0.7300336848314196,-0.41959050315741364
215,1.9217913949163343,-0.39469635493229066,0.38711098439506353
216,-0.3491621319084623,0.18722614649630714,-1.7988977644333204
217,-0.9410193176977268,0.3650362201101528,-1.203005242824211
218,0.6194029438962432,1.788609164671465,-0.12258375294059032
219,-0.13567178928715815,0.82534009187177,-0.9947864125850177
220,-1.3482698493285712,1.45363087446179,-0.9730534661717878
221,0.4353982485666505,0.034487713231384394,-0.6376114104822957
222,-0.9950410531460692,-0.8609312455913649,-1.8650029986009233
223,0.8325762625991617,-1.0693969445615579,-0.9605245590159932
224,-0.528404979811342,-0.48181954547253236,-1.126099265068926
225,1.2066830057416864,-1.7336858783109985,-0.42538379217634736
226,-1.3738261232202824,-0.17438136862801049,-2.105913581624551
227,0.8679015654666062,-0.043494579575961916,-0.5739293207600598
228,-0.1398950121976877,-1.4082598636080432,-1.3779430271915456
229,-0.7819781258491767,0.7170722685017541,-0.9001236266115056
230,-1.010842882560715,-0.8483014097928022,-1.9687942728577883
231,-0.751117418172002,0.4274180051524805,-1.3246313340210765
232,1.5651133052451165,-1.2009786032502212,-0.9327930424007813
233,-0.7064037624707239,0.43873951605421047,-0.8122392534756899
234,-0.19452396539959052,0.6368826712147206,-0.5296819548682741
235,0.39147919247465607,0.9180271603978793,-0.21214146705501935
236,0.15488006679588814,-1.0138840826132713,-1.496419833876372
237,-0.2260703480393039,0.7835940373394757,-0.7870828793210212
238,0.05021931324558151,1.1610324824902896,-0.377564079336137
239,1.4024696303307438,0.5081653730258398,-0.012798088015452791
240,1.3898715943668696,0.18659485088339245,-0.4470014168141938
241,-0.4941787212967261,0.49199406816513963,-1.1235218117665953
242,0.39463112485406665,-1.3165044190830906,-1.3638069627526583
243,0.7364090148162674,1.2835585752626526,-0.21611041566581368
244,0.47496336629343827,-0.04556817055785711,-1.163966629785819
245,-0.9826581870116218,2.2638053926714603,-0.815101739722243
246,0.7369495929947789,-1.3864514551769829,-1.4630009530010346
247,-0.504492507403635,0.4458994489626618,-0.9236840506506384
248,-0.7812102385682163,0.27170728005262845,-0.9769057187074497
249,0.6199065349339088,1.288051926001583,-0.5311973218380923
250,0.3296317400602243,-1.5592835383748782,-1.5233180051891448
251,-0.08980441193404329,2.2478652080751362,-0.2808436670651967
252,-0.5213922877934692,0.23649082273826766,-1.5850199225260326
253,0.9452614344330689,-0.004528692717451541,-0.3858879569829423
254,1.3364153823043856,2.3620529856751746,0.5925790727466469
255,-0.8222004548837627,-0.27481661920043293,-1.2411471685332307
256,-2.3604020732904036,0.07059786769687108,-2.658035321241273
257,-0.8138165965335412,-0.2499906463115605,-1.771427635715195
258,-0.3579267084814867,-0.09437843244803812,-1.0742451486848257
259,0.42611486028810874,1.212037290623423,-0.8409006274117672
260,0.4074195968257742,-0.37323779883383623,-0.587397409816849
261,0.6155551335793356,-0.32616193752672834,-0.8540859443387111
262,-0.3469336184682754,1.5007309168763354,-0.5248407538850557
263,-1.3889261899024374,-0.6208558771510096,-1.8479412746977593
264,-0.07894590102990934,1.0108933958339898,-0.7009448814912149
265,-0.4874293245092752,-0.9572500479608389,-1.2312477224216025
266,-0.22806036021470177,-0.314232123835459,-1.2298508255476306
267,0.26722562269200895,-1.1578255000573106,-1.4470527671312439
268,-0.4458272240129975,0.08544540935257436,-1.4312095072929185
269,-1.5650451696450194,-0.833255804619856,-2.205857723046007
270,1.2758117672949005,0.7302580669843508,-0.4780080836522127
271,1.1162100271703304,1.8763777231926644,0.6096768481735064
272,0.7464097680705732,0.865122421294741,-0.4528212036213156
273,-0.17417485626735854,0.4923447904273327,-0.4886045016421444
274,-0.6940731258107398,-1.4749977529388485,-1.6057614931405915
275,1.3521218606599856,1.4826178216211932,0.08722874410071335
276,1.7128793074751656,0.710821138744408,0.5140560615642733
277,-0.8623407470639661,-0.7118959051649388,-2.0646982486778223
278,0.47034546834072344,-0.17627433198134626,-0.804685480076877
279,-1.9502813546607356,-1.0631977771547256,-2.1131830232816284
280,-0.3781949314807948,0.48228118494121724,-1.1797291788806858
281,0.899309227408037,-0.8340050683707192,-0.9866745908942158
282,-0.5457561418580493,1.5962881852079838,-0.9513302864872858
283,0.6970747943330743,0.11480008723016992,-0.7503850994169642
284,1.1218312187915724,1.5569101951800557,0.02971950812691082
285,1.5898305433667057,-0.7026714096393131,-0.32206810127953733
286,-1.966010330054908,-1.4018127178637114,-2.918625758560152
287,-0.2550302324483455,0.4038407525305628,-0.6789572705340852
288,-0.29907911376940727,1.9694263472453941,-0.6374676403264463
289,0.8144786766989637,-0.23835539665562308,-0.6507907838604492
290,0.9907618382146816,0.60076424846779,-0.5674657109472065
291,-1.5609177782105585,-1.8617071311206421,-2.6467163911515432
292,-0.7380430011512262,-0.6226804736407572,-1.5855727404310316
293,1.6166382391251504,1.5556450866365776,0.025524178630372152
294,0.3151959029557469,-1.4609778820850616,-1.1367579829056726
295,-0.18433518036608348,-0.22368847985362605,-1.273007024917821
296,-0.06763107137115061,-1.0231264254349286,-1.3969357666710434
297,-0.511907341394378,-0.7551616946489256,-1.6878527453600787
298,0.41687205202187616,-1.6499932487457603,-1.2116613137863523
299,1.1693213040280324,-0.8787986075014401,-0.7600580462188073
300,-1.2306437593450223,2.1604567674532587,-0.8884208769661303
301,0.8456638531667234,1.0089485445039577,-0.26873077492773856
302,-0.4414189625025019,0.6574997221342922,-1.0959368677086718
303,-0.3108827533462775,0.6189905759044577,-0.8861238195259253
304,-1.4558925840645331,-1.806497749997049,-2.2910835517358166
305,0.061623878114784016,2.390198731171313,-0.06889483495104831
306,0.17282503733566656,-0.7351451139484773,-1.5077194045209448
307,-0.24135455844807704,-0.4027085381099199,-1.2526713257077542
308,-1.1232116179593885,-0.08661923333510628,-1.6905545029865565
309,-1.0431223857973586,0.7281084468589936,-1.1403844153253306
310,0.6923001745934448,0.7708479798748429,-0.05241596479459465
311,-2.2561181828779806,-1.2616021178274721,-2.3533627784085978
312,-0.16425195844055313,0.875204058786665,-0.659195948787689
313,-0.5919744753803996,-1.5612593967374315,-1.2334012907273597
314,-1.4015399336651302,-0.4767320823432246,-1.7897848010337478
315,1.147431779226299,0.02578384253958648,-0.4197091897488011
316,1.1812188612629937,-0.4866532267412857,-0.9110963024201362
317,1.6544247590498098,3.3201113938485505,1.27377674979914
318,-0.22949270507909048,1.1207707170419632,-0.7881430572786241
319,-1.5288876806890173,0.42287933508923264,-1.7672905079055363
320,-0.6406943648196536,-0.9226689943000012,-1.7141466045527909
321,-0.31401910820864254,-0.5989349754230261,-1.5840989193451036
322,-0.22134721817731798,0.43557339795970823,-0.7043910408784209
323,-1.4475043538655485,1.4697841395644824,-0.8416608903968608
324,0.31057449289601124,-0.04301525311023509,-0.8727779474698041
325,-0.22078804002853591,1.035924492978862,-0.9347116001973801
326,-0.2540155588381438,-0.38294151459636183,-1.3468940750692
327,-0.8655726733279353,-0.9281417606672383,-1.9205581009666397
328,0.8242507141055996,-0.17649682215705792,-0.5824734759495926
329,-0.7928588000053379,-0.03380396641327523,-1.460521105443983
330,0.2672121291369019,0.0036703634242499653,-0.9211961894656442
331,-0.035232195889308995,-1.011912245313758,-1.0948349549522938
332,-1.2198845818090518,-0.6309893889460019,-1.694425186708298
333,-1.308850250237374,0.22259148686090738,-1.3957210367224229
334,-0.3125746571328822,0.8887874797900827,-0.7326046477413782
335,-0.9788804477517123,-0.036105701629742484,-1.3985087563582927
336,-0.3337531470733891,1.805502223310995,-0.47285836244779544
337,-1.6436180850723443,-0.09645109372409359,-1.3909124853775485
338,0.930895796931745,-1.6123231814607943,-1.2880313112433097
339,0.07370507514191313,0.20244618355489222,-0.8749553220255973
340,2.192507948253448,-0.9091515899639753,-0.2761965346300115
341,-0.3841790413126419,1.2282174761211908,-0.7494104263800622
342,-1.6003839918231064,0.5714148057253599,-1.8607255668507783
343,1.257344791154891,-0.21199942665578897,-0.5479511577051941
344,-1.1330425404837354,-1.0785783829864046,-2.268126213618026
345,1.463860871947988,0.8264872886014523,0.2921247109694389
346,1.1839963093459998,-0.8269211062709615,-0.43523147797922956
347,0.9122886896169765,-0.5789723895728908,-1.1410251960746938
348,-0.5517972257493499,0.29018055326145253,-1.3138366556703773
349,0.025492981808239595,0.013245000766019688,-0.7841170242355333
350,0.8725334326366677,-0.05455870323200842,-1.1292914083510979
351,-1.0530521142527125,-0.07211050827770132,-1.8060417489955654
352,-0.6670088122046455,-0.7964696629341678,-1.780262166521671
353,0.7909014671117951,-2.789448415914207,-1.483595878148538
354,1.5256890477687086,-2.329096493638611,-0.836366340253585
355,1.3909904204760997,1.6906205481291796,-0.02412701909580628
356,-0.5083586413873219,-0.07420388225513748,-1.5298074768085714
357,2.016104188915706,-0.7093357658332111,-0.5854916250753578
358,-0.3054724154602753,-0.6818084825150563,-1.5695799485625068
359,0.8522937932730937,-0.3903541324114878,-0.48409831461428054
360,0.5772509749137027,-0.39758092132556294,-0.6016696439872671
361,-1.5104090518444542,-0.7190756708251935,-1.2908737485805144
362,-1.8252572238670361,-1.4085244097269591,-2.3422464797016644
363,0.6416023743447112,0.3189755458169778,-0.8335703273008921
364,0.4092968113340147,0.48311086296736083,-0.6397953589425516
365,1.150264450398217,-1.4210054869567126,-0.46136252402024924
366,-0.25511499402235377,-0.3919929598802555,-1.4405820773501397
367,-1.3556522672206,-1.4863191481352114,-2.5294702237727855
368,2.464659252890808,-0.010669027716487043,-0.14547494712919296
369,-0.40915927310920924,-1.351999094701291,-2.0400102141996417
370,0.8030773056601684,-0.34620476997544036,-0.5050005501345061
371,-1.0695925665259085,1.0524067927591145,-1.3846880726136566
372,0.06118073200974763,1.4197713425766456,-0.717230609777749
373,-0.48952902723551567,1.4728093131735502,-0.6784706511118562
374,-0.7186253351258677,0.9780743185154508,-0.9378086812669497
375,-0.3249890722667764,1.184417905087894,-0.719831323706857
376,-0.8049825192170833,-2.2829460193751063,-2.3527887452305296
377,0.5006624351807131,-0.19168426725050192,-0.8399845001304418
378,-0.4584025974187208,1.1864539878089861,-1.3103726876924704
379,-0.6557000458293801,-0.6985705018498972,-1.976109861824015
380,1.0093818121085594,1.7524931306693765,0.15181343081724585
381,-0.43553827052989347,0.059148060656733434,-1.121766727263867
382,0.07576292506016337,-0.25668121122923804,-1.34899496887831
383,-0.031804944644989744,1.3319645295427793,-0.6579053328412687
384,0.10558461147690076,0.00709535150321338,-1.1815507480208618
385,-1.0577084475956875,-0.07234763980935839,-1.313075454742656
386,0.10120734618135153,1.5406689534968496,-0.37312359006818396
387,1.123135686460618,1.234354068161734,0.03011992922276474
388,-2.1426726530870512,1.307202119944339,-1.8546059711264684
389,-0.3273269263175026,1.8705594227278446,-0.4313608193511307
390,0.5245783272004941,0.06660691083567158,-0.9867668524250622
391,-0.1908159001250951,1.0427630396213965,-0.7802132810424445
392,-0.659295939108032,0.23432241062477518,-1.3780510624346438
393,-0.19368611259356935,0.002933081004376366,-0.8427834274758736
394,-2.0285280680284594,-1.5343354604999997,-2.3345784557209974
395,0.9222810469824066,1.787772029127603,0.017729472626036413
396,0.912680517822375,0.2309058915242897,-0.2192774882970615
397,0.36750822018811274,0.7669802359163482,-0.41645026524493634
398,0.9576112200465144,-0.33073970225186977,-0.42726291069220124
399,-0.8976580238389177,0.31169798281673794,-1.2410420864635379
400,1.1018405240794278,1.6880899062583463,-0.20337299611946658
401,1.1229539905033321,0.9947885286776591,-0.06483898983528058
402,-0.23703805947166193,-0.24556461230897,-1.369606621062234
403,-0.10284400914053247,-0.021422003357761562,-0.556113493983876
404,0.9206769240382426,0.9287143620014274,-0.09166891559176749
405,1.0077269280689782,-1.0171039434412283,-0.933598785260914
406,-0.0012133255434401175,-0.9667133011242224,-1.2523680297128545
407,-0.3679694581295965,-1.1917478592796145,-1.3817762393810058
408,-0.5831769763427508,1.1546767310780675,-0.7793559697419864
409,0.3250034033105929,1.1290619947260232,-0.47199052221847115
410,-0.36333488532248753,-0.2007935384663184,-1.6207846339627119
411,0.20121703389609696,0.4166655273392234,-0.9312035010475668
412,-0.6494714073782689,2.4657026231552064,-0.9715488146649319
413,0.5653240105748947,0.07399729877044366,-0.7380610486696606
414,2.0132038885784462,1.7456926859942172,0.5253530731218523
415,-1.0448639504475172,-0.4393082786539509,-1.156647850744438
416,0.5819344450558905,-0.2809467772480648,-1.223447066252175
417,-1.5856852490760445,0.17964430257076414,-1.522538254573818
418,-1.1228594358570125,-1.2345415985324095,-2.38332849537629
419,-0.34402472616337404,-1.1605795890474568,-1.7309363982690606
420,-0.10353780748134415,0.9099986493563753,-1.2051991020145287
421,-0.01366338372929863,0.6914857664124008,-1.144791722133301
422,-0.7493956715017488,0.7175926079686744,-0.994286664833081
423,0.38795088629804214,0.10068760138005264,-0.732202370352131
424,0.3905648875213483,-0.10857926817985833,-0.7156559221608199
425,1.5471408367869188,0.3282445625348429,-0.1646525904674141
426,-0.8232275399214528,0.07257423335759777,-1.6802207362135166
427,2.000896123144333,-1.5823203479144479,-0.4325311199013673
428,-1.133575841698688,-1.8522334168784982,-2.008213772213291
429,-0.15694786353993587,0.20801116384890408,-0.7356942396531546
430,-0.21746828793026282,1.646846878921746,-0.06239163133939085
431,0.09952086872800361,0.5405153427170665,-0.7484185715646889
432,0.6420321426909393,-0.3091384952035171,-0.8312238153757445
433,-0.9325664829588398,0.6565366074861492,-1.5554951934639694
434,-0.5630221601981937,1.0411860362686267,-0.8368259771397043
435,1.5078925105334395,-0.47351310659431495,-0.70863457461033
436,-0.054817067110618935,1.466558509486567,-0.4036419385325397
437,0.1958503897048797,-0.9746099514389711,-1.4920514699872498
438,-0.9195599470951361,0.9857262759805203,-1.1781376005929869
439,0.5472146919676617,0.4271510112676667,-0.55884224794851
440,1.2747977763211282,1.2177146421994314,0.1784350005889057
441,-0.12717485337663284,0.5878821662978223,-1.1189963392961872
442,1.7297252921375161,0.8272910875144216,0.4326721841608592
443,-0.32121834757453716,0.41916296236735634,-0.6382364016135642
444,0.43658119666584555,-0.8049994109865053,-1.279033690547431
445,-0.5132996180302947,1.4251972308970298,-0.7530245049335638
446,-0.095705604512365,1.2082788549983507,-1.0002381796485182
447,0.7476666522489962,-2.1190406517321807,-1.216494193434151
448,1.6286682967407349,0.9610887626088028,0.15386681655985268
449,1.1330849620908015,1.4628536168894917,0.18008333120702802
450,-0.42052587403204117,0.24163741897840982,-1.1187411176528668
451,2.1433830683467896,-1.3312942329848059,-0.507662123316439
452,-0.3537287924398661,-0.28751673717734344,-1.12624828191296
453,1.7250037573211674,-1.9198655983197825,-0.6548743664024943
454,-0.16116288807650278,-0.03617086773474761,-1.391173065806344
455,-1.832363304193638,-0.417900888922385,-1.8173096363323489
456,1.0075122758423065,-0.07068861965795804,-0.26179645079867764
457,0.6580962360947392,0.06824979433013738,-0.1625037436573986
458,-0.687781405289854,-1.0160370473020965,-1.1602471119408446
459,0.21306413465652296,-0.6710205754154743,-1.0347539926015
460,-1.707263685529637,0.3669302671596937,-1.5643034831793137
461,-1.5683493439820284,-0.09289009021087907,-1.6548735322317114
462,-0.4567230221750398,0.781065555828664,-0.9848512043509237
463,-0.461277277623026,-1.2342965144626505,-1.4220899762122663
464,0.6767428161217712,-0.5883609948832379,-1.0619411931760687
465,1.3682616008774413,1.1829008532660434,-0.1740232623216338
466,0.8580493375360156,0.6231209396497367,-0.4927456750607352
467,0.05345803919242233,1.0495107596817381,-0.8114670942432246
468,-1.606359696777956,0.35956334034176063,-1.3977706300496964
469,1.6904897568139263,0.5139720312833976,0.43001265984828274
470,0.2760473346379799,-0.5533764895444957,-0.9716151097873752
471,1.0861169172160414,-0.1725204135981965,-0.43649475189561293
472,0.657102614483809,-0.30143724694692964,-0.30949924115643035
473,1.044410398861069,0.9261121161229274,0.3237576104043305
474,-0.06972689809381713,-0.4125006819227953,-1.3173683327519146
475,0.6223059207766595,-0.3843662136890528,-0.8078296510651489
476,1.161653369978,-0.027576041613196094,-0.42739886750898226
477,0.1124303140046401,0.47178377775525443,-0.6178750206699355
478,1.1457741581240841,1.3253075905790832,-0.2085492378796977
479,-0.06187138190539853,1.2984298400877863,-0.39848865659540444
480,0.6180584341442431,0.7718433164528616,-0.48987029188733733
481,1.4222514489250284,1.8679389032234002,0.40934803792992747
482,1.5597350832137675,-0.6989916894475906,-0.38102554392338717
483,-0.18401371456690968,0.12652649389584375,-1.0792152247655706
484,1.0319054012304738,0.4413157854002755,-0.7713794436161383
485,0.040460134110002405,-0.9234034513005792,-1.5457072961007352
486,1.2053552498386322,1.1522770326515475,0.11691065354956542
487,0.23225542734822674,0.037340378805878566,-0.7573394260138877
488,1.0005062745054816,-0.4100640298615643,-0.6227003379871052
489,-1.7188398364560749,-0.05978896698482811,-1.8957622502289295
490,-0.5955244780810993,1.4863586539771505,-1.2461096355851413
491,1.1648589629643744,0.13388592954724343,-0.41218245258073305
492,0.8788362206943245,0.34203543102487205,-0.6504886253813754
493,1.2799294847599831,0.15873775002872395,-0.6636074394029968
494,0.35719006106891116,0.6417374335959287,-0.16193870703332136
495,-1.3463468371271294,1.6803729801884262,-1.3738731267990931
496,1.4427678991922357,-1.3035202411413094,-0.80167295067482
497,-1.5438501131449507,1.6790871012318727,-1.604484441435921
498,-1.7150093908179436,0.3646920768217473,-1.761491757788343
499,-0.5376525196496321,-0.7421386710144771,-1.3908461654204296
500,-0.7952425531726696,-0.45585806663149736,-1.4091241382272264
501,-1.2782891543880814,1.6333945086224004,-0.7622376010698881
502,-0.86153560821374,-0.6521667424727501,-1.6884415289670147
503,0.41045147003350757,-0.23915814629819604,-1.1577848380265157
504,-0.3681792293983883,-0.2740666448135344,-1.4531188557813666
505,-0.3940587974015945,-0.08562244943154004,-1.3261287846357177
506,-0.36836692289536643,-0.1496867714881208,-1.4281048758860782
507,0.38312187749161064,-0.5809932196881525,-0.43439611661868605
508,-0.44752642878809873,-0.42005981344396937,-1.8760340740003367
509,0.5115586714669962,-0.8262586443840794,-0.7739625938215383
510,-1.2441686953556792,-0.10189076646785,-2.1829346111887324
511,-0.015820059162649575,0.34581432389316463,-1.421212975744877
512,0.6239908406798971,0.5131594160076947,-0.3946502059413727
513,1.4151539855966977,0.6635812188646925,-0.0008669927571673952
514,-1.7153599119391538,-0.27033909059887395,-2.382400452147487
515,0.2585676476428065,-0.5004847076011449,-0.6092700180716425
516,0.34998845408977225,0.3861037790816647,-0.7733329366866822
517,1.5657817599564767,-1.930455546075182,-0.8119428376168198
518,-1.5159424154023244,0.40426068841799456,-1.8221973033439844
519,0.07795658579358443,-0.7247107044534764,-1.504018766459601
520,0.6667104091235866,0.4366411593222361,-0.6156211209967787
521,0.45872302853072267,0.7451501883643942,-0.6469447590626389
522,-1.9096121651746536,0.18014907318725853,-2.12505648398087
523,-1.4667282092080969,-0.6172489305585646,-2.3765822351071817
524,0.7162982861880004,0.551254155129368,-0.2716850619909561
525,-0.764121285135006,-0.6743501724401972,-1.8124081410776967
526,0.6067063387647065,1.1941132914629677,-0.2339762492337868
527,-1.0944706538338633,0.8715480254720602,-0.8586107037969932
528,2.0180088345447387,-1.2726623971245157,-0.4912478925422845
529,2.0310699532981107,0.5054510186004161,0.006626355130752604
530,0.7035690871137361,0.6587060685269803,0.039173039169988044
531,1.060836851196515,1.3173497699968375,-0.00831745594550648
532,0.3241999919083359,-0.33904720104519215,-1.352336156776409
533,2.0245696582847073,-0.32492039470128387,-0.29797160706761594
534,0.3826987247156881,0.0767113433625667,-0.7158919089443025
535,-1.0858197248680186,0.7144895032606274,-1.4503796219785876
536,0.21702225365959818,-1.589610818124387,-1.4586984069291309
537,2.0600357599738626,0.3320493946183851,0.05062282933097739
538,-0.4349469537480416,-0.24917976885878657,-1.2127304139169186
539,-2.6250994136480217,1.884691499381527,-1.771953195580522
540,1.3087277691155346,-1.2186413198447443,-0.27604736701210997
541,-0.4168817548636912,-0.5977900791946303,-1.59594322892438
542,0.8317641011609416,-0.6942673106506055,-0.9038655378729492
543,1.1056470795284303,2.051127462717044,-0.05959240054677051
544,0.15632692790522962,-0.12707992553978287,-0.895169806558802
545,1.477760006681639,-1.3857005156342503,-0.773040720875304
546,0.8729842140621268,-0.6606865455974297,-0.3173614443625462
547,3.133760543636684,-0.20807339634675664,0.7001837130081632
548,-0.005001623199757745,2.0257507535399553,-0.6026515106424957
549,0.18828847378697927,1.6393687953529044,-0.2683577234412411
550,0.15299074915143285,0.8235828673787425,-0.5611207220795023
551,0.04362119803398976,-0.2614807781480502,-0.5207451484909666
552,-1.5718698285828379,0.030754991808764075,-1.8500231697915752
553,-1.0487558229654974,0.15660214278783055,-1.0090839638424682
554,1.3903974381395354,-1.7894147068115989,-0.9514753111952466
555,0.9930204377154727,1.4464909583231182,0.10963108271839173
556,-0.10965409080218934,0.6947320123938179,-0.5759857826039365
557,-0.6139247300640881,0.1886188908032925,-1.180182573626742
558,-0.9289342272344591,-0.6010762045437461,-1.471891929331538
559,0.27864032337260103,0.2896477379557203,-0.3520679419776481
560,-0.8715107192354822,0.5547986631878393,-0.9979026285625391
561,1.9324206285824657,1.2391582262154663,0.06836316041413593
562,0.6429074640715179,0.2701775118565745,-0.6024837565059697
563,2.245952238324423,0.12460219619878622,0.36834093303208837
564,1.1233567829334854,-1.536060472941982,-1.272410290243028
565,-0.8535311979719827,-2.3292507231271986,-2.357068299968697
566,-0.30238972415662524,-1.8194778279777442,-1.6877458028143217
567,-0.32343344005322217,0.7731332242895933,-1.031711833984128
568,-0.7381252132015157,0.6655653519313901,-1.3484876748734915
569,-0.12129903121309991,0.02977296851393401,-0.7820621104801622
570,-1.0057840888140706,0.8984003356179053,-0.6714822985925251
571,0.24098703286167478,1.1778070618195833,-0.37853218771093644
572,-0.6417827019227054,-1.3730005255695967,-1.6398075392541305
573,-0.9038040917292969,-0.7076234275099211,-1.873031646584818
574,0.7325591848100411,0.13404348331768884,-0.8037255024276713
575,0.9514817723553184,1.3573838177647921,-0.26940079298327724
576,0.13079513858721217,-1.5834831028917242,-1.2404204402566021
577,-0.12813519822537808,1.4614514435257633,-0.5967251350297296
578,0.9956316973522913,-0.029935131991587184,-0.5936557711420624
579,1.1331382932818759,-1.0228311807098502,-0.2988105152722442
580,1.2477033919686626,-0.0319307653384739,-0.4001453181232816
581,0.07701896256002674,-1.417340354232084,-1.784232316434248
582,-1.0275857450012222,1.5100411073814333,-1.2175297799317684
583,-2.047004883322197,0.87575372117369,-1.790180102058055
584,-0.4338336395506716,-1.2593512307137036,-2.132170731006644
585,0.6364468173917848,0.7087531923857033,-0.44206374926756575
586,-1.2093993493643997,-0.09875139945620545,-1.8073043628399053
587,-1.0427875150669215,0.7333049642687819,-1.3963677806694221
588,-0.7433815262895913,1.2833738337234435,-1.0286234853005973
589,-0.8084911789479807,2.6253698250685558,-0.5884422239005564
590,-1.9512973663902549,-1.5120741407287532,-2.6581222964678233
591,-0.22111930071071936,-1.1932163452733942,-1.3903282124300407
592,-1.1653538512818855,-1.9946723017393428,-2.2185871743840115
593,0.33389143417016215,-0.5765452164798264,-0.7105925168845568
594,1.381410844757602,-0.24889203002153923,-0.3624807044277283
595,0.23848039616079056,-0.30082513325960475,-0.42298820521877545
596,-0.8240780171389297,-0.6115628922550703,-1.5556465196405989
597,-0.2119588868669338,0.12053820936962313,-1.1041357689390299
598,-0.6091519499865932,0.17470863297705871,-1.0327105911601064
599,-0.7905148632756622,-0.16372378319707667,-1.4483768209765473
600,1.0645005787803308,-0.908479849073301,-0.829012791521192
601,0.6513528979295738,-0.4692890584945612,-0.8641405301716523
602,-0.2041946789901732,0.875725852059994,-0.7613572218215408
603,-0.4966520109639694,-0.32863765046547183,-1.2392810565904566
604,-0.10004283382820651,1.9430523785446363,-0.2921117749791461
605,-0.4784476836441626,-0.9847056272896907,-2.064308362078471
606,0.27710181029119485,-0.6165793860960018,-0.9643809840253749
607,0.05879235034316556,0.9323145198909613,-0.7064536128580686
608,-0.9922055527328908,3.676860431902164,-0.6738913678471903
609,-0.7138023265724927,0.06715095474790879,-1.2953084268050952
610,-0.13466195132254427,-0.6279776243765882,-1.1874176160149046
611,-0.744097126189744,0.8572201651618616,-1.5976541965466566
612,-1.9668693437712572,0.7834262094632374,-1.465597441316391
613,0.5906165556167469,0.28108940764166807,-0.49183295374494507
614,-0.30832025617942005,0.3660825973602208,-1.29298078887649
615,-0.5359833882466745,-1.0101394261459393,-1.6600030616977963
616,-0.6853344385619168,0.1512162615164005,-1.2593376013214002
617,-0.5594839015647645,-0.9594666502473774,-1.8828602043958982
618,-0.8646791156652188,-0.48272555742699613,-1.6819699458735704
619,-0.7838034168330509,-0.04757548355333876,-1.3200014427904516
620,0.45876070855045464,-0.552353394491444,-1.3434986408290044
621,-0.8601974263121166,-0.43785442770045724,-1.5411782111537464
622,-0.6442715593535284,-1.8427472878289044,-1.8124210694605543
623,1.879702493701286,-0.1932975316980483,-0.05145954731754532
624,-0.10027008043302012,0.32176199337861155,-0.8877769273720985
625,0.2484702570193372,-0.04946731489312287,-1.510043984234104
626,0.26950817218397094,0.5026729470656705,-0.5592501659175212
627,-0.15908193917954963,0.37262260485668897,-1.1861288732348998
628,0.441285267728488,0.07504856179016102,-1.0205811185730347
629,-1.303404207274894,0.5557976852517872,-1.5392481211683924
630,0.7116753515035715,1.0777860595511866,0.12649806729757596
631,1.784985292062533,-2.2432469053634727,-0.4578773094484381
632,-0.11628601444425173,-0.05080901859417458,-1.0630494619756834
633,1.466847257663942,-0.3789002255229924,-0.5936415049784269
634,1.1440516854641865,0.35194061838748153,-0.5284097202546802
635,-0.8664012553194494,-0.270646901504659,-1.2649435608105093
636,1.5576149408756357,-0.32197346149518613,-0.3689919279727686
637,-0.7007320450093613,0.9516881074586458,-0.9688192761847532
638,1.0195484497451703,0.5864397845848043,-0.013162759160512794
639,-0.4328024631671991,-1.0717019650253494,-1.470800596974389
640,-0.6447945584031566,-0.7612947986761422,-1.890584911088479
641,-0.06094351869111332,-0.1456847823882186,-0.9702701534326527
642,0.040307521127246955,0.7027359261516802,-0.5482826654958108
643,0.7103993031898894,2.3929857118962192,0.6212703142426295
644,0.09151501354283172,-1.3405312443786317,-0.9961419303099706
645,-1.4902845321995255,0.6056032032707558,-1.2988105795057714
646,-0.07780511319348207,0.6061646150549026,-0.7267191371970879
647,0.7645741535541494,1.2979243347142186,0.06379147514401451
648,-0.21006152358296676,-0.26540246831260167,-0.5382361278506311
649,-0.8725933422998334,0.4333446607831483,-1.3229943995744253
650,-0.25035905386769897,-0.8688074358497859,-1.336664495555492
651,0.3519707392758851,-0.8171436480994901,-1.078174293588717
652,0.5702143874178393,-0.3708202819572416,-1.2611931194057033
653,0.6344413173495907,-0.19549826295185024,-0.873958404418713
654,-0.9002120378558958,0.6239387303717636,-0.7190681564603884
655,1.4500025287448468,1.71025056575108,0.34201659637907733
656,0.3731198348025148,-1.1409628693610958,-0.9570561945928319
657,-1.0536621017522294,-0.68766462398219,-1.6566052793200796
658,-1.1775012481316787,-0.9073408083626157,-1.5430289795098364
659,-0.2240951975924094,0.9642822005784294,-0.5821186192761042
660,1.031013912659875,-1.727967948350233,-1.0094728627044876
661,-0.5956359698656848,-0.3799416462423867,-1.1121478563398968
662,0.15207119016433387,-0.3623924584790701,-1.2544257357053905
663,-0.7276793401566283,0.32854437817686494,-1.5942156957450462
664,0.03494197850547111,0.30050526403193784,-1.2875705638643828
665,-0.7076390777339367,0.8359908197529329,-1.413921972348385
666,-0.1745151390788257,-0.9457768487103005,-1.4732778761648089
667,-0.13791717076072063,-0.31693708101717144,-0.8283435889177564
668,1.340325686327424,-1.92177428049235,-1.2858423400967167
669,0.2162715864691543,-0.02703759171284578,-1.0336209349082415
670,-0.0643221740661906,0.2386550990129519,-0.9764916985209597
671,-0.42935263226517173,0.8877183097282211,-0.913102529554904
672,0.826520963207631,-0.4992520953211509,-1.3880241222808578
673,-0.07033784190200416,1.791610501860728,-0.30979788485711235
674,1.3780234172566739,0.25244611421431645,-0.49378209175606813
675,-1.2356654962877625,0.3567680074042873,-1.5205971910906801
676,-0.0300335274250207,-1.1642651887255169,-0.706989567393763
677,1.2365052276944284,0.2931788385217176,0.17304031029495848
678,0.23237308386436029,1.0822849283623104,-0.7231704808885135
679,0.6154633103339436,-0.18055573910662762,-0.6282305661196311
680,-1.7344685139178104,-1.4101390498053417,-2.3907608311635693
681,-0.6181995120611269,1.498669500086865,-0.5557082221932517
682,0.5658268516029213,1.31100656392432,-0.09455845253258799
683,-0.5724125766826309,0.2586096947443858,-1.0592599726009293
684,1.0699402827002715,0.0931962757838435,-0.6681285123114867
685,1.8675657109480657,-0.6800557481732912,0.09920358644964056
686,0.2772585987017883,0.29283338836536776,-0.7290258732910143
687,2.029002896078914,-0.3786347258713423,-0.19224376707209812
688,0.28860094979342327,0.40365250407522585,-0.9624624914310973
689,-0.9396934569270905,0.3429542097800057,-1.564019239548053
690,0.3466081686029438,2.732591713144337,0.2678920525674964
691,0.2303372707965544,0.21440141351004718,-0.5873316740019486
692,-0.16511599777428254,0.20756763663173425,-1.120457401308458
693,0.5160230224929284,-0.8673694321930444,-1.0757853804358488
694,0.906181193987139,-0.6683417800511815,-1.1589783885933223
695,-0.5238692785206667,0.20609495370945388,-1.1601913349877704
696,0.416069752875378,-0.22118187000685477,-0.921532523779995
697,0.30592269782901854,-1.005959075539895,-1.1194394499816265
698,0.9439531106268775,-0.766664787329118,-0.8214366837954044
699,0.0016616002776371486,2.2907345366994893,-0.29831625961280006
700,0.3905665956271551,-1.8170405224961539,-1.0427329721599836
701,1.590092974036855,-0.08525796069277997,-0.9610869107510482
702,1.0954630378651822,-0.357720199439443,-0.3712478992318745
703,0.5828736988594919,0.7442699578262293,-0.7543379099002114
704,0.27610377457689633,0.7188797738930676,0.026814717939209753
705,0.8652076107028751,-0.508090768981446,-0.6346018641202507
706,1.2413168482793395,0.33229407391019217,-0.8753715685200267
707,0.5157333480819265,-0.23160446571268276,-0.7692926793989563
708,-0.42226991904781774,0.12009368466569907,-1.3731192925663245
709,-0.09211926458933363,-0.29052323966931126,-1.2885396389823476
710,1.355458168948447,-0.9846032740290194,-0.17012592841148133
711,-1.1272372764398761,-1.0600144414595432,-2.1680305665209674
712,-0.08839212176644615,-0.09713313678053608,-0.9932167729724888
713,0.16285610133639633,-0.31613229952954797,-1.0495398463694148
714,-0.644624674763213,0.4702971640610996,-1.507947383710322
715,0.6787066032997571,0.693430131629284,-0.6227428349165288
716,-1.0746387824219634,0.37312486844729725,-1.6008439977009665
717,1.7396052943366793,0.31828034509346903,0.07997123878653944
718,-2.270288716464287,-0.17466085643187215,-1.7796182126288964
719,-1.4107139692014372,0.15244016270368074,-1.6200196372200253
720,1.0308810346484922,-0.17481088238261977,-0.5432604943930105
721,0.601040956899065,-1.73602780879519,-1.5282927002525923
722,0.8743327821523098,1.0424584687532386,-0.45881406152644144
723,-1.0360331460522825,1.1421784498196428,-1.0773323250673448
724,-0.16770969533679173,0.036548384361815955,-0.6846171758917108
725,-1.192318044416867,-1.4344159087714532,-2.065682720325105
726,1.3160261044227564,-0.36836137844107325,-0.39656244698348486
727,0.48319155091286586,1.8012643692623718,-0.019146182056262506
728,-0.5106354620004239,-0.47242876585269605,-1.4357574973479776
729,1.18480552805858,-1.4142112480330733,-0.9853641075927954
730,-0.5143993133171628,0.9712491346245894,-0.6012210772900598
731,-0.2972414627768693,-1.6458826822972876,-1.6818112487023094
732,0.17115700514266888,-0.08734141705843672,-0.6702917503365039
733,-1.8515130673044484,-1.882878978877353,-2.2626450532216023
734,-2.895845166162082,0.7293116583754242,-2.0904508998796993
735,-1.347849023617667,1.0370366328641576,-1.799614758412499
736,-0.7825998683925615,-0.6907214282611962,-1.7403002667407823
737,-1.4576132642410298,1.6417243730763593,-1.1168010871719314
738,0.5019782716363338,-0.364563707313867,-1.0285647744777828
739,0.18054664019262134,-0.28606030530753374,-0.9380323517197708
740,0.26374960908972245,2.0145096674979874,0.1431556687644462
741,0.3516997649751575,0.5706098515513126,-0.2410363704280406
742,2.2140671980048907,-0.541870233192806,0.2185086372639764
743,0.9146614387518203,0.241634619097512,-0.4263270629186262
744,-0.5108372866197771,0.7733917419556481,-1.0285877311820675
745,-1.24195785427829,-0.6002183654218327,-1.9741155872875087
746,-0.42455056655816814,-0.04460398132653365,-1.4658013159838643
747,0.42096848845402707,2.941623674342511,0.32748038636227217
748,1.228538477326427,-1.3864134141233966,-0.2754862664616238
749,-0.22479331093064334,0.2719072600067771,-1.186178238645331
750,1.562931615134878,0.6723811479983532,0.09536908979554126
751,-0.9221000446403623,-0.17115676111234954,-1.319573837652324
752,1.3822945374926257,0.24292273403724876,0.4882834278600099
753,-0.5406826161774224,-0.4009198339016536,-1.5460759584529398
754,-0.05799705021826758,0.6246413486667389,-0.48666175126447353
755,-0.16434229879112153,0.3710892434246398,-0.9759758846884296
756,-0.14879144209109596,-1.2260580387047455,-1.6003356197247876
757,0.07837744204556225,-0.041359750565463774,-0.6626307420239435
758,1.1751621359934206,-1.8068977770421157,-0.8693235071636158
759,-0.5967488282650054,-0.5287960757287257,-1.169823532616796
760,0.6428066289975007,1.0605489237525951,-0.5854759916117935
761,-1.9770132325475158,-2.0325476404399705,-2.9022763117226202
762,0.7831548239561894,0.582019330991031,-0.27093382529026333
763,-0.8855372092959133,-0.8502975996258454,-2.137622049146664
764,-0.9494513793040741,-0.29376826070655404,-2.0936400797937282
765,-0.09236511452431147,0.16136940656932566,-1.2777847548011678
766,0.29554376204989,0.9777368381925264,-1.1596907471649678
767,-1.4415897862517228,0.428617372435358,-0.9582681901127935
768,-0.45276229433855575,0.027405867982316926,-1.0354765885711454
769,-0.7198314454489291,-0.6962672711800508,-1.4204662446649403
770,1.5095567082646228,0.5013056811340066,-0.32766776488999416
771,0.541014981637867,2.0895245693005062,-0.05508210175168704
772,-0.7846599162786412,-0.21383466090558606,-1.5362904079562174
773,-1.2151906413273326,0.4985055353398501,-1.4013650081732867
774,-1.765630944133336,1.5509487489984626,-1.271894887640899
775,0.486408595467284,0.6383511988845317,-0.4127852141768452
776,-1.0597832965746572,-0.024179241507434945,-1.4925628229062888
777,-1.0863605381719719,1.1997438862530878,-0.9154387859256736
778,-0.3557800306395624,-0.09190472424058407,-1.3845994749266495
779,-0.3026336894394434,-1.0968037178517018,-1.6856591628282465
780,-1.4765222234077837,0.4990657114466304,-2.025567106063915
781,1.4537938851360357,-0.22167705824585401,0.12384684977821858
782,-0.3034978709833024,1.1463746599937295,-0.586735273547186
783,0.4996993150707851,0.03779449712585263,-0.902956512151791
784,-1.5992139872649977,-1.394142448564604,-2.5211835803620457
785,-0.23671278270389345,-0.2554770733918001,-1.448812182284868
786,0.6318133747393372,0.1917203958210638,-0.5632630547858808
787,-0.3442257964976166,-0.47103038364625593,-0.5722478104845201
788,0.12905072347743798,-0.2028963651545415,-0.5390287619426692
789,-1.034610369257359,-1.6425421407609626,-2.3842759971699916
790,0.8388178567560024,-0.06703751784936911,-0.504274877120523
791,1.0537848080146763,-1.0495984528557476,-1.0535415043260592
792,0.05471425077490955,0.5325584918064091,-0.7375697768539254
793,0.21732242813041275,1.2424782908278165,-0.5237633917998137
794,-0.18091271457451827,0.5946658816710954,-1.0428448167658566
795,-1.101420376861605,-0.8981197454123605,-1.4609718762594366
796,0.1816403808316838,-0.8905356071663917,-1.3785484452493444
797,0.6037631646668956,0.31576994808824016,-0.5513937498596466
798,1.4492964366956869,0.4074750311767993,-0.30058228126016984
799,0.6845862637782493,-0.1704770654497538,-0.8246417482672078
800,0.5721659320503889,-0.3687723270564732,-0.6548469123261085
801,0.627191241271714,1.7173075853211182,0.03653199951970443
802,-0.746460741274472,2.0130505648693258,-0.5496999207548641
803,-0.44803891766020243,0.6849496227204641,-1.2400481394365153
804,-1.1616150665378628,-2.463376848077657,-2.6567460260407354
805,-0.47351143570628695,-0.5296188251576012,-1.1546315404505536
806,0.00810200811099779,1.2887515641649696,-0.5869481792372839
807,1.3142015190145087,-0.44390169900650567,-0.5783415207866671
808,-0.4237168155737094,-0.2915167976060597,-1.7303057667038568
809,-0.3073066797415142,0.46106371096995785,-0.9512607522131703
810,-0.39964047736876757,-0.6310419301072411,-1.4181164196975156
811,0.8486214257463397,-0.16386298138312086,-0.8900079025159315
812,1.0252635030184427,-2.4354145879687255,-1.2615283083663777
813,-1.6538884562634748,0.9169936648147021,-1.1583764146601307
814,-0.5554949570047965,-0.229029137334434,-0.603557409355055
815,-2.352674144517185,-1.0239719827310423,-2.5295379194616565
816,0.87040010456921,0.17801625376543218,-0.4232951718710567
817,-0.06461795524234462,0.3051083755442357,-0.8143064762136782
818,0.281954217524079,0.6016891443491013,-0.5251948100761256
819,0.6572150154158525,2.282483087674973,0.4758103521438386
820,1.6057666189103932,0.1414706739930023,0.13149165278749386
821,-0.07994977728445889,-0.9858277791898652,-1.326371356069095
822,0.6201208856762996,1.9197492878668894,-0.5264696047185848
823,-1.1404260591956032,-0.6723298881676144,-2.1149063767928364
824,-0.5667555057084791,0.6847391461949498,-1.6712026455138835
825,-0.6564560888948888,-0.856062181529886,-1.557660889393322
826,-0.2510331721579589,0.28615679285981144,-1.3106560806675582
827,0.34462623611979076,0.6022208001082899,-1.1275352208846638
828,0.745902584018991,1.6999733495279095,-0.2796501987870008
829,-0.5556208245290637,0.28691875807179407,-0.9267188636574687
830,0.6012230569602001,-0.34378399832685275,-0.830549071011889
831,0.15373006367801523,1.5283688549660799,-0.25589986726532876
832,-0.34414530968991663,-1.9411474952861432,-1.5780396671498442
833,-0.5777033219752363,-0.030982619103040603,-1.068768951299355
834,-0.6091330414218559,0.936058060200915,-1.0632544837091449
835,-0.02716453947749895,-1.0564497080390969,-1.2050029904448405
836,0.612098707348036,-0.09824786163493975,-1.163786052079613
837,0.016115269716969017,-0.8029153699315288,-1.1894124152697314
838,0.4719637024974119,-0.2954501889135591,-1.0732322781959323
839,0.8308990731779644,0.8679703746517542,-0.5130036023957673
840,1.2833081201708574,0.6280710639015923,0.05645682822160181
841,1.3215832374157221,-0.1453577588834466,-0.3945442040151329
842,0.7107788742385415,-0.22512767156264754,-0.47095138008296766
843,2.965876157920997,-0.7966257410770858,-0.23051669397955976
844,0.7290729593924355,0.22984438615866631,-0.5978142042845284
845,0.4371963054952573,1.2407517498324963,-0.49545446880038
846,-0.1523204924239521,-0.34616318317746625,-1.050343226677888
847,0.1447084050852873,0.06495753076510709,-0.816489918958893
848,-0.04526704038970566,-0.1892107596654811,-1.1525051820417151
849,-0.9955633460735428,0.2665495332900601,-1.5443956730117376
850,1.3934806874506596,0.465561241142957,-0.10791200786456656
851,1.0608553591455485,0.44439872903388816,0.12227847410525494
852,-0.4904553413630052,0.9155903926772948,-0.9873818912615892
853,-0.4373691856238069,1.4262094456459173,-0.7083081286963375
854,0.5357787480348979,0.8244415144886533,-0.8628079215718214
855,1.8281280251149135,0.42740808492270654,-0.0349088907589401
856,0.4002942871609236,-0.3076324364695785,-0.8820344833101362
857,0.6886661948304414,0.8621247703073172,-0.20954516510977494
858,0.6655744844189829,-0.4089327819031094,-0.862551475850321
859,-0.6564927722545183,-0.3261873382392987,-0.9315251521725735
860,0.8750540376663088,1.5781288349523899,0.4822262499314742
861,0.9150716622524472,0.9463836896016868,-0.072315497673765
862,0.7739382109791809,-0.21612993129828245,-0.8481950780362117
863,-1.9376987808805946,1.7741191640338645,-1.4362386173560204
864,-0.720286758953238,1.0592964571520334,-0.4719008603747601
865,0.6505753849815757,1.8998332655158523,0.09393968046855683
866,-1.530742317497445,-0.7448662406253528,-1.8435668140690868
867,-0.6997516411683257,-0.2940508894477895,-1.6770777017735008
868,-0.6345403647454104,0.8006568439798749,-0.9658806730892835
869,1.774016395265817,0.987810275498347,0.3916176285645989
870,-0.5416075117278458,-0.5835452842494204,-1.9460135885645296
871,-0.5249903382257697,-1.4459304564680446,-1.7689325945420071
872,-0.6522096937789233,0.24536057014210222,-1.3448343981906947
873,-1.3299486828756895,-0.9993629859328116,-2.0621092672276546
874,-0.1642242342646027,-1.764976359437453,-1.655253400745372
875,-0.33421570468975575,0.6773903726920044,-1.2899506977205992
876,-0.26491728563421263,-0.27674948480006506,-1.3640935353303714
877,-0.37163499432491315,0.11234313021511011,-0.7215342092707773
878,1.3312829006971174,0.43264718030893845,0.011738059880397778
879,-0.861436631630079,-0.3388880763074809,-1.6163027539559165
880,-0.7002983298684353,1.4515905591747689,-0.8966457339599092
881,1.062574293595658,1.699785961402894,-0.050671913455159534
882,-0.4367166822372958,-0.16600972013802334,-0.5788484623246448
883,0.22522819217636347,0.20681909826932382,-1.2547214562613842
884,-1.0529552941380071,1.558390656188487,-1.1732442832915657
885,1.5348194770552332,-0.12761674374362217,-0.6615991052695753
886,-0.9471117972419392,-0.9911952658197056,-1.4289534660517076
887,2.5047292578688674,0.8477884962687704,0.531647616145051
888,-0.04449838483846652,0.11165777902096682,-1.0655406724818777
889,-2.780500605424614,-0.16277747428187364,-2.5806281863573943
890,0.13979157561226913,1.315337321161798,-0.30062920213769084
891,0.05659519031783007,0.4937413544012293,-0.4457958398102362
892,0.1395995776657036,-1.6777551244324689,-1.1076630174316566
893,0.3303291823404413,1.376175773270501,-0.40362563260500117
894,0.9626579709616775,-0.8307977578876155,-0.758557756829438
895,1.0481724533735095,0.44003682308014425,-0.271768332039509
896,-1.5032719260255463,0.6042778264996894,-1.0284233783422334
897,-1.1374921530286977,1.608305075481527,-1.0508657539943156
898,0.6924829361724719,0.4359118659795323,-0.5414965076329238
899,0.9032721249711315,-0.9418901551765559,-1.0202500306876767
900,-0.15115334321425236,-2.037578651687035,-1.4183437260405793
901,-0.28900721446186983,-0.7337933135928855,-1.622365525630984
902,0.40481293264571266,-0.048007160205117055,-0.6578089404702661
903,0.5064277080132296,-0.6480780139949635,-0.917697176277356
904,0.14670318108913627,-0.8313111971006715,-1.428921159440113
905,0.5036356208328485,0.461866437809418,-0.4356839060899913
906,1.1260124293851914,2.140908880248447,0.07972668508378056
907,-0.6087658065359445,0.17143558226550917,-1.1287893421313637
908,-0.18015730023488294,-0.41142286218337143,-1.2034054465645916
909,0.3703312965865098,-0.10768937608894624,-1.3664401975860496
910,1.1629438484614796,1.5852674469199757,0.04430783588349185
911,0.25099663686386947,0.7648567342022733,-0.2900455860033848
912,2.9062431446743897,0.05721902751197313,0.20322516772423582
913,-0.9604874195702559,0.9781013805481553,-1.090843230145562
914,-0.6777244944701362,-1.3838511618034175,-2.358155321291517
915,1.9121749382625823,-0.966273468891788,-0.392504278183603
916,-1.2626525581306125,1.134717444226248,-1.2159060024538044
917,-1.5769715613051973,-1.0257572081276178,-2.208720148191323
918,-1.5391296444643323,1.6362070818541816,-1.0621911910494477
919,-0.3663972417989305,0.05462520347200286,-1.1827079611379063
920,0.23885618010402154,0.1025657669464118,-0.8605483417512205
921,-0.2716659125111041,0.5813046090222932,-0.979975169781116
922,-2.631050335613137,-2.4821330842375477,-3.4604126013005367
923,-0.14191325166681384,1.0566072467296423,-0.5280268083335687
924,1.4070642812697685,-1.3952170132025354,-0.6996913167661992
925,3.0736138111419278,0.0027837778632592222,0.5753019583967425
926,0.09230424068063987,0.5922018965641938,-1.1513753820078787
927,-1.3553970124303214,0.7564279878636792,-1.1343986005143514
928,0.4189909752822918,-2.0358557321235935,-1.6557476589806401
929,0.2432432971728974,-1.0260190675194456,-1.048435472883003
930,-0.15987275291794337,0.8519694610579226,-1.159565421272522
931,-0.7641011798267638,0.1395568698051454,-1.1760279808171301
932,1.885460345979849,-2.410297437102092,-1.0658550223012568
933,0.5469627524525823,-2.1129277035137166,-1.285210315427693
934,1.518789685358189,0.9325485379577855,0.2501082844883622
935,-0.5310013572818916,0.17117349389437267,-1.221742502974472
936,2.2051135503317467,-1.2031492215014998,0.0008789817209644557
937,0.9917187858343403,-1.074793409807488,-0.5941708179283223
938,0.1853598591687464,0.031865248048077985,-1.4952330109288159
939,0.8393431854480927,-0.9868433604123443,-1.3369732302946506
940,-0.057516224120081505,0.9015602411676229,-0.7106295377443728
941,-0.52165344771367,-1.7310673181632927,-1.6461675702916407
942,0.3294716600226998,-0.029253576123944594,-0.5973409370734977
943,-0.03679484441337511,-1.0830838274035555,-1.723280178778721
944,0.3298136619447138,-1.0926605872903679,-1.1673479316029862
945,-0.0027683945254190078,-0.9825327238908809,-1.5116617873814244
946,-0.9163677785435996,-1.0665111712949702,-1.902919756499629
947,-0.8551129560351217,0.6887495469936814,-1.3058745434149657
948,1.2199789257695905,-0.5569582264670718,-0.7206129772517459
949,0.7028843078714951,0.2921333244357881,-0.7225206901269559
950,-0.8361564962385603,1.6755573171052496,-0.9683102900951008
951,0.07849795438506521,-0.20124222012486867,-1.1474152414049807
952,-0.96285138202192,-0.2763671955372331,-1.457440482842053
953,-0.9411193243465871,-0.7660513475763183,-1.6922002701531582
954,1.086463331076531,1.427892186592679,0.1464556566832098
955,0.22245616949779531,0.15102776086146968,-0.6166596368395074
956,1.0686134145979,-1.4768895817721186,-1.3564486965644071
957,-1.1669776798363252,-1.4063209100738128,-2.1261434150495973
958,-0.44208945907802627,-0.38248925919766574,-1.5089471443103282
959,-0.43268180963923847,-0.7909789501307066,-1.2706479360471072
960,-1.0322899499526306,-0.5542716389518074,-1.4702303565015975
961,0.6941963066017597,0.7799939691601868,-0.4133465457044899
962,0.1937769306732095,0.3624206522050572,-1.0875314456437655
963,-0.09672353160406062,-0.46593760757692926,-1.3317322851150284
964,-0.03337498819395076,0.5709184774292034,-0.6929462882833906
965,-2.0242455090045413,-1.9277827732954103,-2.71239812877995
966,-1.8023793869545472,-0.5284066812957063,-2.0591608286346044
967,-0.5803239379958574,0.8689430734146993,-1.062124112228958
968,0.3028313317227889,-0.7109561185570225,-1.0184201412918734
969,-2.2488211424707143,-2.3966808075824404,-2.5503269641549253
970,-1.0502871051185445,0.9969585574116973,-1.1567445540791168
971,-0.5098348644290809,0.052654750211290485,-1.0096053957651887
972,0.3785038061761869,0.8001145027281998,0.050545296273280194
973,0.4739073877741944,0.9156918262799231,-0.4690378862020015
974,-2.135871020270587,0.25337133411556245,-1.8363326770272068
975,0.019898086609663034,1.0284887753144347,-0.7016649577377183
976,-1.5028599256810244,0.1034743442625649,-2.3003023456515153
977,-0.6048330302808461,-0.792976147067383,-1.5026987886042638
978,0.2221554399831065,-0.08493396200571433,-0.9216269313608836
979,0.030146660360780432,0.5044174412962976,-1.064659184036226
980,0.7206757041139049,1.4272473812774915,-0.1126267717656999
981,-0.7610088080945654,0.6077651801018511,-1.0869567982291186
982,-0.6700477535901763,0.6977360944368691,-1.2397759236537673
983,-0.35159487887069113,-1.219420730026445,-1.389753112684165
984,1.533114252739261,-0.11206483034618964,-0.6915083809768225
985,1.2705498733050928,-1.134414400829687,-1.2921138959815275
986,-0.4714394328321912,-2.2174129825806315,-2.0778723425586847
987,0.1353096776668608,1.02593190263239,-0.5913917370610591
988,-0.7973364666852435,-1.4251208109457982,-2.0158494870891586
989,-0.26811959459964807,1.9040738333984455,-0.7591262707392049
990,1.0181630600393596,-1.6742450427514257,-1.1015092269239644
991,0.1149753550469974,-0.5344095649273196,-1.06183554937289
992,-1.0198758791638438,-2.3061036790587726,-2.072434565181143
993,-0.9368257777764659,-0.003943613273139748,-1.7499876077048382
994,-2.222412472395734,1.3710260073112248,-2.470012922190394
995,-0.5408662871995059,0.044415442044911706,-0.9296463920572057
996,0.24564333109207095,0.07683143071577522,-0.6542332720634969
997,-0.5628311367044068,1.5939835067836061,-0.43228707802876276
998,1.3213464610727133,0.08408631817052777,-0.5906930313474981
999,1.8213542948100048,0.23595602361887916,0.7071214995992321
